{
  "accuracy": 0.7213927507400513,
  "loss": 0.5292505621910095,
  "val_accuracy": 0.7210193872451782,
  "val_loss": 0.5306997895240784,
  "epoch": 9,
  "global_step": 21760
}