{
  "accuracy": 0.7483938336372375,
  "loss": 0.5031472444534302,
  "val_accuracy": 0.7525892853736877,
  "val_loss": 0.4987446367740631,
  "epoch": 1,
  "global_step": 7876
}