{
  "accuracy": 0.7467830181121826,
  "loss": 0.5078360438346863,
  "val_accuracy": 0.7523083090782166,
  "val_loss": 0.49740540981292725,
  "epoch": 9,
  "global_step": 21880
}