{
  "accuracy": 0.5562890768051147,
  "loss": 0.6882075071334839,
  "val_accuracy": 0.5628746151924133,
  "val_loss": 0.6875149607658386,
  "epoch": 2,
  "global_step": 13056
}