{
  "accuracy": 0.7555884122848511,
  "loss": 0.4922013282775879,
  "val_accuracy": 0.7550166845321655,
  "val_loss": 0.49279171228408813,
  "epoch": 2,
  "global_step": 6564
}