{
  "accuracy": 0.7592321634292603,
  "loss": 0.48624345660209656,
  "val_accuracy": 0.7569666504859924,
  "val_loss": 0.48925602436065674,
  "epoch": 4,
  "global_step": 21875
}