{
  "accuracy": 0.7351928353309631,
  "loss": 0.5239039659500122,
  "val_accuracy": 0.743149995803833,
  "val_loss": 0.509563684463501,
  "epoch": 1,
  "global_step": 4376
}