{
  "accuracy": 0.7609339356422424,
  "loss": 0.48316094279289246,
  "val_accuracy": 0.7604833245277405,
  "val_loss": 0.48305854201316833,
  "epoch": 9,
  "global_step": 21880
}