{
  "accuracy": 0.7048006057739258,
  "loss": 0.5497930645942688,
  "val_accuracy": 0.706303596496582,
  "val_loss": 0.5494619011878967,
  "epoch": 1,
  "global_step": 7876
}