{
  "accuracy": 0.7421982288360596,
  "loss": 0.5122634768486023,
  "val_accuracy": 0.7491583228111267,
  "val_loss": 0.5015214681625366,
  "epoch": 4,
  "global_step": 10940
}