{
  "accuracy": 0.7586839199066162,
  "loss": 0.48688170313835144,
  "val_accuracy": 0.7584958076477051,
  "val_loss": 0.48802319169044495,
  "epoch": 3,
  "global_step": 17500
}