{
  "accuracy": 0.7157720923423767,
  "loss": 0.5377258062362671,
  "val_accuracy": 0.7164285182952881,
  "val_loss": 0.5377144813537598,
  "epoch": 4,
  "global_step": 21760
}