{
  "accuracy": 0.5154572129249573,
  "loss": 0.6928087472915649,
  "val_accuracy": 0.525955319404602,
  "val_loss": 0.6903969049453735,
  "epoch": 2,
  "global_step": 13056
}