{
  "accuracy": 0.7150405645370483,
  "loss": 0.5412054657936096,
  "val_accuracy": 0.7168641686439514,
  "val_loss": 0.5386812686920166,
  "epoch": 7,
  "global_step": 17408
}