{
  "accuracy": 0.7356131076812744,
  "loss": 0.5195573568344116,
  "val_accuracy": 0.7393571138381958,
  "val_loss": 0.5155874490737915,
  "epoch": 1,
  "global_step": 7876
}