{
  "accuracy": 0.7453553676605225,
  "loss": 0.5077166557312012,
  "val_accuracy": 0.7478874921798706,
  "val_loss": 0.501140296459198,
  "epoch": 5,
  "global_step": 13128
}