{
  "accuracy": 0.592394232749939,
  "loss": 0.6703872084617615,
  "val_accuracy": 0.6681159734725952,
  "val_loss": 0.6357781291007996,
  "epoch": 0,
  "global_step": 2176
}