{
  "accuracy": 0.7777392864227295,
  "loss": 0.46620404720306396,
  "val_accuracy": 0.7903969883918762,
  "val_loss": 0.44486096501350403,
  "epoch": 3,
  "global_step": 17408
}