{
  "accuracy": 0.7466785907745361,
  "loss": 0.5076934099197388,
  "val_accuracy": 0.7531541585922241,
  "val_loss": 0.4955763816833496,
  "epoch": 3,
  "global_step": 17500
}