{
  "accuracy": 0.7612642645835876,
  "loss": 0.4827607274055481,
  "val_accuracy": 0.7625208497047424,
  "val_loss": 0.4820113480091095,
  "epoch": 8,
  "global_step": 19692
}