{
  "accuracy": 0.7159058451652527,
  "loss": 0.5403817296028137,
  "val_accuracy": 0.7181752324104309,
  "val_loss": 0.5374367237091064,
  "epoch": 9,
  "global_step": 21760
}